year,Valor
2015.0,155388057.3
2016.0,47484428.99238385
2017.0,50263720.8408504
2018.0,44851278.18881634
2019.0,51263477.39812261
2020.0,43985004.9512934
2021.0,37886027.804250106
